County,Location,Population,Lat,Long,Combined_Key,1/22/2020,1/23/2020,1/24/2020,1/25/2020,1/26/2020,1/27/2020,1/28/2020,1/29/2020,1/30/2020,1/31/2020,2/1/2020,2/2/2020,2/3/2020,2/4/2020,2/5/2020,2/6/2020,2/7/2020,2/8/2020,2/9/2020,2/10/2020,2/11/2020,2/12/2020,2/13/2020,2/14/2020,2/15/2020,2/16/2020,2/17/2020,2/18/2020,2/19/2020,2/20/2020,2/21/2020,2/22/2020,2/23/2020,2/24/2020,2/25/2020,2/26/2020,2/27/2020,2/28/2020,2/29/2020,3/1/2020,3/2/2020,3/3/2020,3/4/2020,3/5/2020,3/6/2020,3/7/2020,3/8/2020,3/9/2020,3/10/2020,3/11/2020,3/12/2020,3/13/2020,3/14/2020,3/15/2020,3/16/2020,3/17/2020,3/18/2020,3/19/2020,3/20/2020,3/21/2020,3/22/2020,3/23/2020,3/24/2020,3/25/2020,3/26/2020,3/27/2020,3/28/2020,3/29/2020,3/30/2020,3/31/2020,4/1/2020,4/2/2020,4/3/2020,4/4/2020,4/5/2020,4/6/2020,4/7/2020,4/8/2020,4/9/2020,4/10/2020,4/11/2020,4/12/2020,4/13/2020,4/14/2020,4/15/2020,4/16/2020,4/17/2020,4/18/2020,4/19/2020,4/20/2020,4/21/2020,4/22/2020,4/23/2020,4/24/2020,4/25/2020,4/26/2020,4/27/2020,4/28/2020,4/29/2020,4/30/2020,5/1/2020,5/2/2020,5/3/2020,5/4/2020,5/5/2020,5/6/2020,5/7/2020,5/8/2020,5/9/2020,5/10/2020
Albany,"42.60060306, -73.97723916",,42.60060306,-73.97723916,"Albany, New York, US",0,0,0,0,0,0,0,0,0,0,0,0,0,0,0,0,0,0,0,0,0,0,0,0,0,0,0,0,0,0,0,0,0,0,0,0,0,0,0,0,0,0,0,0,0,0,0,0,0,0,2,2,7,7,15,25,36,43,70,88,123,127,146,152,171,187,195,205,217,226,240,253,267,293,305,319,333,342,379,426,446,478,499,535,548,581,619,648,682,687,704,737,758,805,899,948,979,1009,1067,1165,1204,1238,1258,1287,1294,1321,1348,1384,1416,1432
Allegany,"42.25748406, -78.02750466",,42.25748406,-78.02750466,"Allegany, New York, US",0,0,0,0,0,0,0,0,0,0,0,0,0,0,0,0,0,0,0,0,0,0,0,0,0,0,0,0,0,0,0,0,0,0,0,0,0,0,0,0,0,0,0,0,0,0,0,0,0,0,0,0,0,0,2,2,2,2,2,2,2,2,2,2,2,2,2,6,7,9,10,12,14,16,16,17,17,21,22,26,26,26,26,28,28,28,29,30,30,30,30,30,30,31,35,35,35,35,35,35,35,35,35,35,35,35,35,35,35,36
Bronx,"40.85209301, -73.86282755",,40.85209301,-73.86282755,"Bronx, New York, US",0,0,0,0,0,0,0,0,0,0,0,0,0,0,0,0,0,0,0,0,0,0,0,0,0,0,0,0,0,0,0,0,0,0,0,0,0,0,0,0,0,0,0,0,0,0,0,0,0,0,0,0,0,0,0,0,0,0,0,0,0,0,0,0,0,0,0,0,0,0,0,0,0,0,0,0,0,0,0,0,0,0,0,0,0,0,0,0,0,0,0,0,0,0,0,0,0,0,0,0,0,0,0,0,0,0,0,0,0,0
Broome,"42.15903158, -75.81326086",,42.15903158,-75.81326086,"Broome, New York, US",0,0,0,0,0,0,0,0,0,0,0,0,0,0,0,0,0,0,0,0,0,0,0,0,0,0,0,0,0,0,0,0,0,0,0,0,0,0,0,0,0,0,0,0,0,0,0,0,0,0,0,1,1,1,1,1,1,1,1,2,3,3,9,11,16,18,23,29,35,38,42,46,56,65,71,76,86,93,105,112,117,126,133,146,153,167,178,186,192,199,205,219,224,232,251,257,261,266,273,284,299,305,327,334,338,345,360,364,372,373
Cattaraugus,"42.24778241, -78.67923096",,42.24778241,-78.67923096,"Cattaraugus, New York, US",0,0,0,0,0,0,0,0,0,0,0,0,0,0,0,0,0,0,0,0,0,0,0,0,0,0,0,0,0,0,0,0,0,0,0,0,0,0,0,0,0,0,0,0,0,0,0,0,0,0,0,0,0,0,0,0,0,0,0,0,0,0,0,0,0,0,1,4,6,6,7,8,9,9,10,12,13,15,17,18,19,28,28,32,32,32,34,34,34,34,35,37,37,39,45,45,45,45,47,47,49,50,53,53,53,54,59,59,60,60
Cayuga,"42.91261714, -76.55731592",,42.91261714,-76.55731592,"Cayuga, New York, US",0,0,0,0,0,0,0,0,0,0,0,0,0,0,0,0,0,0,0,0,0,0,0,0,0,0,0,0,0,0,0,0,0,0,0,0,0,0,0,0,0,0,0,0,0,0,0,0,0,0,0,0,0,0,0,0,0,0,0,0,0,0,2,2,2,2,2,2,3,4,4,4,6,7,8,11,14,14,16,27,28,31,31,33,36,36,36,36,36,36,36,36,37,39,47,47,48,48,48,48,51,51,51,51,51,51,52,52,53,58
Chautauqua,"42.2276921, -79.36691763",,42.2276921,-79.36691763,"Chautauqua, New York, US",0,0,0,0,0,0,0,0,0,0,0,0,0,0,0,0,0,0,0,0,0,0,0,0,0,0,0,0,0,0,0,0,0,0,0,0,0,0,0,0,0,0,0,0,0,0,0,0,0,0,0,0,0,0,0,0,0,0,0,0,0,0,2,2,2,2,5,7,7,7,8,8,9,10,18,18,18,18,22,22,22,23,23,23,24,24,25,25,25,25,25,36,26,27,27,29,30,30,31,33,35,35,36,37,37,38,40,40,40,41
Chemung,"42.13891056, -76.7638805",,42.13891056,-76.7638805,"Chemung, New York, US",0,0,0,0,0,0,0,0,0,0,0,0,0,0,0,0,0,0,0,0,0,0,0,0,0,0,0,0,0,0,0,0,0,0,0,0,0,0,0,0,0,0,0,0,0,0,0,0,0,0,0,0,0,0,0,0,0,0,0,0,0,2,3,3,7,11,12,15,15,20,22,22,35,36,38,47,49,55,59,59,60,60,60,64,69,70,71,72,73,73,75,75,76,79,103,106,108,113,119,122,123,124,125,126,126,128,129,130,131,131
Chenango,"42.49430041, -75.60887553",,42.49430041,-75.60887553,"Chenango, New York, US",0,0,0,0,0,0,0,0,0,0,0,0,0,0,0,0,0,0,0,0,0,0,0,0,0,0,0,0,0,0,0,0,0,0,0,0,0,0,0,0,0,0,0,0,0,0,0,0,0,0,0,0,0,0,0,0,1,1,1,2,2,2,3,3,3,4,8,15,17,19,26,28,32,39,43,46,51,53,55,60,61,63,65,68,71,73,76,77,78,78,79,79,82,84,91,93,95,95,96,98,99,99,99,100,100,102,105,105,109,109
Clinton,"44.74530905, -73.67875352",,44.74530905,-73.67875352,"Clinton, New York, US",0,0,0,0,0,0,0,0,0,0,0,0,0,0,0,0,0,0,0,0,0,0,0,0,0,0,0,0,0,0,0,0,0,0,0,0,0,0,0,0,0,0,0,0,0,0,0,0,0,0,0,0,0,0,0,1,1,1,3,4,4,4,6,10,11,11,12,13,17,21,25,25,30,31,33,36,37,39,40,43,43,43,44,45,45,46,47,48,49,51,56,56,52,53,54,57,59,59,59,59,61,62,66,68,69,69,69,74,76,76
Columbia,"42.24819348, -73.63089095",,42.24819348,-73.63089095,"Columbia, New York, US",0,0,0,0,0,0,0,0,0,0,0,0,0,0,0,0,0,0,0,0,0,0,0,0,0,0,0,0,0,0,0,0,0,0,0,0,0,0,0,0,0,0,0,0,0,0,0,0,0,0,0,0,0,0,0,0,0,0,3,7,17,17,18,19,24,27,30,30,36,36,41,45,51,57,69,70,72,76,83,84,87,87,93,93,100,100,101,105,107,111,120,120,123,129,140,143,146,154,165,170,202,205,209,213,229,291,302,304,304,312
Cortland,"42.59509207, -76.07048931",,42.59509207,-76.07048931,"Cortland, New York, US",0,0,0,0,0,0,0,0,0,0,0,0,0,0,0,0,0,0,0,0,0,0,0,0,0,0,0,0,0,0,0,0,0,0,0,0,0,0,0,0,0,0,0,0,0,0,0,0,0,0,0,0,0,0,0,0,0,0,0,0,2,2,2,3,3,4,7,8,10,10,10,11,14,14,14,14,16,16,16,17,17,21,21,22,23,24,25,25,25,25,25,25,25,25,28,28,28,28,28,28,28,28,28,28,28,28,29,29,29,29
Delaware,"42.19837623, -74.96709306",,42.19837623,-74.96709306,"Delaware, New York, US",0,0,0,0,0,0,0,0,0,0,0,0,0,0,0,0,0,0,0,0,0,0,0,0,0,0,0,0,0,0,0,0,0,0,0,0,0,0,0,0,0,0,0,0,0,0,0,0,0,0,1,1,1,1,1,1,1,1,1,1,1,1,3,5,7,8,8,8,11,16,20,22,24,26,27,29,36,37,37,39,39,39,42,45,46,47,48,49,49,49,62,62,50,51,58,58,58,59,60,61,61,61,61,62,62,62,63,63,63,64
Dutchess,"41.7648606, -73.74356679",,41.7648606,-73.74356679,"Dutchess, New York, US",0,0,0,0,0,0,0,0,0,0,0,0,0,0,0,0,0,0,0,0,0,0,0,0,0,0,0,0,0,0,0,0,0,0,0,0,0,0,0,0,0,0,0,0,0,0,0,0,0,0,1,3,4,4,10,16,20,31,36,49,82,100,124,153,190,225,262,320,392,484,547,667,809,938,1077,1189,1249,1395,1493,1598,1744,1838,1881,1934,2048,2085,2142,2201,2240,2284,2331,2391,2460,2517,2660,2729,2793,2817,2881,2954,3002,3049,3086,3131,3151,3192,3233,3277,3319,3359
Erie,"42.76249024, -78.73063652",,42.76249024,-78.73063652,"Erie, New York, US",0,0,0,0,0,0,0,0,0,0,0,0,0,0,0,0,0,0,0,0,0,0,0,0,0,0,0,0,0,0,0,0,0,0,0,0,0,0,0,0,0,0,0,0,0,0,0,0,0,0,0,0,3,3,7,11,20,28,47,50,56,87,114,122,206,245,318,414,443,499,582,617,734,808,1059,1148,1234,1335,1432,1498,1506,1571,1661,1730,1812,1951,2023,2023,2192,2192,2284,2284,2450,2603,2773,2954,3021,3089,3196,3319,3481,3598,3710,3802,3891,4008,4136,4255,4337,4453
Essex,"44.11630765, -73.77297842",,44.11630765,-73.77297842,"Essex, New York, US",0,0,0,0,0,0,0,0,0,0,0,0,0,0,0,0,0,0,0,0,0,0,0,0,0,0,0,0,0,0,0,0,0,0,0,0,0,0,0,0,0,0,0,0,0,0,0,0,0,0,0,0,0,0,0,1,1,1,1,2,3,3,3,4,5,5,5,5,5,5,6,7,7,7,9,9,9,9,8,10,12,12,12,12,12,12,15,16,18,20,21,22,22,22,24,24,24,26,27,28,28,28,29,29,30,30,30,31,31,32
Franklin,"44.59040891, -74.29926032",,44.59040891,-74.29926032,"Franklin, New York, US",0,0,0,0,0,0,0,0,0,0,0,0,0,0,0,0,0,0,0,0,0,0,0,0,0,0,0,0,0,0,0,0,0,0,0,0,0,0,0,0,0,0,0,0,0,0,0,0,0,0,0,0,0,0,0,0,0,0,0,0,0,0,0,1,1,2,5,6,6,6,9,9,10,10,10,10,10,10,11,11,11,12,12,13,13,13,13,13,13,13,13,13,13,13,14,14,14,14,15,15,15,15,15,16,16,16,16,17,17,17
Fulton,"43.11363907, -74.41798804",,43.11363907,-74.41798804,"Fulton, New York, US",0,0,0,0,0,0,0,0,0,0,0,0,0,0,0,0,0,0,0,0,0,0,0,0,0,0,0,0,0,0,0,0,0,0,0,0,0,0,0,0,0,0,0,0,0,0,0,0,0,0,0,0,0,0,0,0,0,0,0,1,1,1,1,1,1,1,1,1,1,1,2,6,6,9,9,11,13,14,15,18,21,21,21,22,24,25,27,27,27,27,27,28,28,29,61,62,62,66,67,71,75,79,82,84,97,100,101,103,104,107
Genesee,"43.0022601, -78.19135193",,43.0022601,-78.19135193,"Genesee, New York, US",0,0,0,0,0,0,0,0,0,0,0,0,0,0,0,0,0,0,0,0,0,0,0,0,0,0,0,0,0,0,0,0,0,0,0,0,0,0,0,0,0,0,0,0,0,0,0,0,0,0,0,0,0,0,0,0,1,1,1,1,1,1,1,2,4,6,7,9,9,11,13,16,17,20,22,23,33,47,56,65,67,70,71,76,76,78,83,87,117,119,121,122,126,127,141,144,148,149,152,153,154,155,155,159,159,162,168,169,170,172
Greene,"42.275797, -74.12384884",,42.275797,-74.12384884,"Greene, New York, US",0,0,0,0,0,0,0,0,0,0,0,0,0,0,0,0,0,0,0,0,0,0,0,0,0,0,0,0,0,0,0,0,0,0,0,0,0,0,0,0,0,0,0,0,0,0,0,0,0,0,0,0,0,0,2,2,2,2,2,2,2,2,4,4,5,6,7,7,10,10,18,21,23,24,24,24,24,25,31,34,37,44,45,66,73,74,77,82,85,86,87,87,89,90,107,110,111,112,114,131,139,142,151,154,166,188,198,199,204,206
Hamilton,"43.66146647, -74.49721957",,43.66146647,-74.49721957,"Hamilton, New York, US",0,0,0,0,0,0,0,0,0,0,0,0,0,0,0,0,0,0,0,0,0,0,0,0,0,0,0,0,0,0,0,0,0,0,0,0,0,0,0,0,0,0,0,0,0,0,0,0,0,0,0,0,0,0,0,0,1,1,1,2,2,2,2,2,2,2,2,2,2,2,2,2,2,2,2,2,2,2,3,3,3,3,3,3,3,3,3,3,3,3,3,3,3,3,3,3,3,3,3,3,3,3,3,3,3,5,5,5,5,5
Herkimer,"43.42034246, -74.96145307",,43.42034246,-74.96145307,"Herkimer, New York, US",0,0,0,0,0,0,0,0,0,0,0,0,0,0,0,0,0,0,0,0,0,0,0,0,0,0,0,0,0,0,0,0,0,0,0,0,0,0,0,0,0,0,0,0,0,0,0,0,0,0,1,1,1,1,1,1,1,1,1,3,3,3,4,5,7,9,9,10,12,12,12,14,14,18,22,25,27,29,32,36,37,37,38,39,40,43,46,47,49,49,50,53,54,56,56,57,58,58,58,58,60,61,62,63,67,68,74,76,77,79
Jefferson,"44.04200959, -75.94653457",,44.04200959,-75.94653457,"Jefferson, New York, US",0,0,0,0,0,0,0,0,0,0,0,0,0,0,0,0,0,0,0,0,0,0,0,0,0,0,0,0,0,0,0,0,0,0,0,0,0,0,0,0,0,0,0,0,0,0,0,0,0,0,0,0,0,0,0,0,0,0,0,1,1,1,2,2,4,4,6,7,11,11,12,15,18,20,26,33,39,40,42,43,44,46,46,47,47,48,50,50,54,54,54,54,56,58,59,60,60,60,60,61,61,62,62,63,63,63,64,66,67,68
Kings,"40.6361825, -73.94935552",,40.6361825,-73.94935552,"Kings, New York, US",0,0,0,0,0,0,0,0,0,0,0,0,0,0,0,0,0,0,0,0,0,0,0,0,0,0,0,0,0,0,0,0,0,0,0,0,0,0,0,0,0,0,0,0,0,0,0,0,0,0,0,0,0,0,0,0,0,0,0,0,0,0,0,0,0,0,0,0,0,0,0,0,0,0,0,0,0,0,0,0,0,0,0,0,0,0,0,0,0,0,0,0,0,0,0,0,0,0,0,0,0,0,0,0,0,0,0,0,0,0
Lewis,"43.7844157, -75.44903992",,43.7844157,-75.44903992,"Lewis, New York, US",0,0,0,0,0,0,0,0,0,0,0,0,0,0,0,0,0,0,0,0,0,0,0,0,0,0,0,0,0,0,0,0,0,0,0,0,0,0,0,0,0,0,0,0,0,0,0,0,0,0,0,0,0,0,0,0,0,0,0,0,0,0,0,0,0,0,0,0,0,2,2,2,2,2,3,6,6,6,6,6,6,6,6,7,7,8,8,8,8,9,9,9,9,9,9,9,9,9,9,9,9,9,9,9,9,9,10,10,11,11
Livingston,"42.72596275, -77.77966158",,42.72596275,-77.77966158,"Livingston, New York, US",0,0,0,0,0,0,0,0,0,0,0,0,0,0,0,0,0,0,0,0,0,0,0,0,0,0,0,0,0,0,0,0,0,0,0,0,0,0,0,0,0,0,0,0,0,0,0,0,0,0,0,0,0,0,0,0,0,0,0,2,2,2,3,3,3,3,10,10,13,15,18,18,18,18,24,24,24,29,29,29,30,34,34,34,34,34,34,37,39,39,39,39,41,44,58,60,62,65,67,69,73,76,83,85,86,89,95,100,101,102
Madison,"42.91653905, -75.67266639",,42.91653905,-75.67266639,"Madison, New York, US",0,0,0,0,0,0,0,0,0,0,0,0,0,0,0,0,0,0,0,0,0,0,0,0,0,0,0,0,0,0,0,0,0,0,0,0,0,0,0,0,0,0,0,0,0,0,0,0,0,0,0,0,0,0,0,0,0,0,0,0,0,1,4,7,9,17,28,29,42,49,62,68,77,78,89,92,92,92,102,102,102,105,110,110,110,110,117,117,117,117,117,121,106,106,121,123,124,126,126,131,139,149,151,217,223,231,246,249,250,251
Monroe,"43.14638895, -77.69322942",,43.14638895,-77.69322942,"Monroe, New York, US",0,0,0,0,0,0,0,0,0,0,0,0,0,0,0,0,0,0,0,0,0,0,0,0,0,0,0,0,0,0,0,0,0,0,0,0,0,0,0,0,0,0,0,0,0,0,0,0,0,0,2,1,2,2,11,14,19,30,36,46,68,81,106,118,148,166,202,219,246,257,349,420,464,512,548,574,596,651,698,742,767,798,823,850,884,932,975,1008,1032,1054,1070,1112,1152,1199,1285,1316,1331,1371,1404,1441,1478,1534,1566,1595,1623,1655,1688,1735,1775,1821
Montgomery,"42.90123494, -74.44011632",,42.90123494,-74.44011632,"Montgomery, New York, US",0,0,0,0,0,0,0,0,0,0,0,0,0,0,0,0,0,0,0,0,0,0,0,0,0,0,0,0,0,0,0,0,0,0,0,0,0,0,0,0,0,0,0,0,0,0,0,0,0,0,0,0,0,0,1,1,2,2,2,3,3,3,3,4,5,5,6,6,6,6,7,8,10,13,15,15,18,18,28,29,29,29,29,32,32,32,33,34,35,35,37,38,39,39,46,47,47,49,51,53,54,54,56,56,61,63,63,64,66,67
Nassau,"40.74066522, -73.58941873",,40.74066522,-73.58941873,"Nassau, New York, US",0,0,0,0,0,0,0,0,0,0,0,0,0,0,0,0,0,0,0,0,0,0,0,0,0,0,0,0,0,0,0,0,0,0,0,0,0,0,0,0,0,0,0,1,1,4,5,17,19,28,41,51,68,79,109,140,278,372,754,1234,1900,2442,2869,3285,3914,4657,5537,6445,7344,8544,9554,10587,12024,13346,14398,15616,16610,18548,20140,21512,22584,23553,24358,25250,26715,27772,28539,29180,30013,30677,31079,31555,32124,32765,33798,34522,34865,35085,35505,35854,36161,36519,36780,36965,37152,37350,37593,37812,38028,38217
New York,"40.7672726, -73.97152637",,40.7672726,-73.97152637,"New York City, New York, US",0,0,0,0,0,0,0,0,0,0,0,0,0,0,0,0,0,0,0,0,0,0,0,0,0,0,0,0,0,0,0,0,0,0,0,0,0,0,0,0,1,1,1,4,11,11,12,19,25,55,95,154,269,269,463,814,1871,3954,5151,7530,9654,12305,14904,17856,21873,25573,29776,33768,37453,43119,47439,51809,57159,63306,67551,72181,76876,81803,87028,92384,98308,103208,106763,110465,118302,123146,127352,131334,134267,136591,139348,142227,145855,150473,155113,158258,160489,162338,164841,167478,169690,172354,174331,175651,176874,178351,180216,181783,183289,184417
Niagara,"43.19898042, -78.74777412",,43.19898042,-78.74777412,"Niagara, New York, US",0,0,0,0,0,0,0,0,0,0,0,0,0,0,0,0,0,0,0,0,0,0,0,0,0,0,0,0,0,0,0,0,0,0,0,0,0,0,0,0,0,0,0,0,0,0,0,0,0,0,0,0,0,0,0,0,0,4,4,9,9,9,10,12,14,23,33,38,41,41,46,91,94,101,116,120,126,155,155,156,167,194,194,216,229,229,227,234,246,255,260,268,295,332,344,368,378,386,401,420,440,457,474,493,508,549,588,605,627,643
Oneida,"43.24375382, -75.43710392",,43.24375382,-75.43710392,"Oneida, New York, US",0,0,0,0,0,0,0,0,0,0,0,0,0,0,0,0,0,0,0,0,0,0,0,0,0,0,0,0,0,0,0,0,0,0,0,0,0,0,0,0,0,0,0,0,0,0,0,0,0,0,0,0,0,0,0,1,2,2,2,4,4,5,10,10,13,13,23,26,34,34,50,61,71,80,95,100,118,125,158,172,181,195,206,229,246,249,261,268,275,279,284,301,317,323,364,384,397,411,422,439,451,474,489,550,574,579,609,620,638,660
Onondaga,"43.00491923, -76.19971155",,43.00491923,-76.19971155,"Onondaga, New York, US",0,0,0,0,0,0,0,0,0,0,0,0,0,0,0,0,0,0,0,0,0,0,0,0,0,0,0,0,0,0,0,0,0,0,0,0,0,0,0,0,0,0,0,0,0,0,0,0,0,0,0,0,0,0,1,2,6,7,13,34,45,53,60,81,111,123,146,194,228,249,277,301,322,349,364,377,397,422,422,456,456,494,520,537,563,579,598,598,637,646,646,667,600,639,664,692,726,742,782,832,860,903,952,971,1002,1056,1115,1169,1218,1265
Ontario,"42.85145728, -77.30874425",,42.85145728,-77.30874425,"Ontario, New York, US",0,0,0,0,0,0,0,0,0,0,0,0,0,0,0,0,0,0,0,0,0,0,0,0,0,0,0,0,0,0,0,0,0,0,0,0,0,0,0,0,0,0,0,0,0,0,0,0,0,0,0,0,0,0,1,1,1,1,1,4,4,4,6,9,11,14,16,18,20,20,24,26,28,31,32,32,33,39,43,51,56,57,57,61,62,65,67,69,70,71,72,73,73,73,82,84,86,90,90,90,91,92,95,96,97,99,101,104,104,106
Orange,"41.40337468, -74.30240757",,41.40337468,-74.30240757,"Orange, New York, US",0,0,0,0,0,0,0,0,0,0,0,0,0,0,0,0,0,0,0,0,0,0,0,0,0,0,0,0,0,0,0,0,0,0,0,0,0,0,0,0,0,0,0,0,0,0,0,0,0,0,2,3,6,6,11,15,32,51,84,163,247,389,498,638,751,910,1101,1247,1435,1556,1756,1993,2397,2741,3187,3533,3829,4075,4309,4532,4847,5027,5598,5830,5830,6266,6514,6514,6514,6514,7029,7152,6816,7155,7973,8106,8238,8374,8488,8650,8751,8910,8967,9015,9144,9215,9328,9402,9486,9543
Orleans,"43.2516977, -78.2320066",,43.2516977,-78.2320066,"Orleans, New York, US",0,0,0,0,0,0,0,0,0,0,0,0,0,0,0,0,0,0,0,0,0,0,0,0,0,0,0,0,0,0,0,0,0,0,0,0,0,0,0,0,0,0,0,0,0,0,0,0,0,0,0,0,0,0,0,0,0,0,0,0,0,0,0,0,2,3,3,3,4,5,6,6,6,10,11,13,15,16,22,24,24,25,26,31,33,34,34,41,46,46,53,56,59,60,75,80,80,80,85,89,92,93,97,97,99,103,108,121,122,126
Oswego,"43.42778894, -76.14635194",,43.42778894,-76.14635194,"Oswego, New York, US",0,0,0,0,0,0,0,0,0,0,0,0,0,0,0,0,0,0,0,0,0,0,0,0,0,0,0,0,0,0,0,0,0,0,0,0,0,0,0,0,0,0,0,0,0,0,0,0,0,0,0,0,0,0,0,0,0,0,0,0,0,2,2,2,4,4,9,10,15,15,20,23,28,28,32,34,34,34,36,36,37,42,42,42,42,44,45,45,47,52,52,52,49,51,57,61,61,63,63,63,64,66,66,67,68,70,70,72,75,75
Otsego,"42.63492579, -75.03151402",,42.63492579,-75.03151402,"Otsego, New York, US",0,0,0,0,0,0,0,0,0,0,0,0,0,0,0,0,0,0,0,0,0,0,0,0,0,0,0,0,0,0,0,0,0,0,0,0,0,0,0,0,0,0,0,0,0,0,0,0,0,0,0,0,0,0,0,0,0,0,0,0,0,1,1,2,3,5,7,10,17,17,19,21,21,26,29,29,34,38,39,41,43,43,43,44,44,44,44,47,48,49,49,49,50,50,60,60,62,65,66,67,67,67,67,67,67,67,67,67,67,67
Putnam,"41.42630093, -73.74965532",,41.42630093,-73.74965532,"Putnam, New York, US",0,0,0,0,0,0,0,0,0,0,0,0,0,0,0,0,0,0,0,0,0,0,0,0,0,0,0,0,0,0,0,0,0,0,0,0,0,0,0,0,0,0,0,0,0,0,0,0,0,0,0,0,0,0,2,2,2,5,12,31,31,31,82,84,94,111,131,144,167,167,207,216,252,283,314,345,402,427,456,487,494,507,507,634,634,634,732,732,778,778,807,831,615,619,885,904,925,932,946,970,990,1003,1013,1026,1031,1040,1066,1074,1080,1089
Queens,"40.71088124, -73.81684712",,40.71088124,-73.81684712,"Queens, New York, US",0,0,0,0,0,0,0,0,0,0,0,0,0,0,0,0,0,0,0,0,0,0,0,0,0,0,0,0,0,0,0,0,0,0,0,0,0,0,0,0,0,0,0,0,0,0,0,0,0,0,0,0,0,0,0,0,0,0,0,0,0,0,0,0,0,0,0,0,0,0,0,0,0,0,0,0,0,0,0,0,0,0,0,0,0,0,0,0,0,0,0,0,0,0,0,0,0,0,0,0,0,0,0,0,0,0,0,0,0,0
Rensselaer,"42.71348136, -73.51089874",,42.71348136,-73.51089874,"Rensselaer, New York, US",0,0,0,0,0,0,0,0,0,0,0,0,0,0,0,0,0,0,0,0,0,0,0,0,0,0,0,0,0,0,0,0,0,0,0,0,0,0,0,0,0,0,0,0,0,0,0,0,0,0,0,0,0,0,0,1,4,4,8,20,20,20,33,33,44,44,51,51,52,54,55,60,67,67,74,74,88,88,102,102,102,102,113,140,140,140,150,164,186,186,186,202,191,198,221,242,246,250,262,287,298,311,322,337,339,347,367,380,407,409
Richmond,"40.58582155, -74.14808598",,40.58582155,-74.14808598,"Richmond, New York, US",0,0,0,0,0,0,0,0,0,0,0,0,0,0,0,0,0,0,0,0,0,0,0,0,0,0,0,0,0,0,0,0,0,0,0,0,0,0,0,0,0,0,0,0,0,0,0,0,0,0,0,0,0,0,0,0,0,0,0,0,0,0,0,0,0,0,0,0,0,0,0,0,0,0,0,0,0,0,0,0,0,0,0,0,0,0,0,0,0,0,0,0,0,0,0,0,0,0,0,0,0,0,0,0,0,0,0,0,0,0
Rockland,"41.15027894, -74.02560498",,41.15027894,-74.02560498,"Rockland, New York, US",0,0,0,0,0,0,0,0,0,0,0,0,0,0,0,0,0,0,0,0,0,0,0,0,0,0,0,0,0,0,0,0,0,0,0,0,0,0,0,0,0,0,0,0,0,2,2,4,4,6,7,9,10,12,16,22,31,53,101,262,455,592,671,968,1197,1457,1896,2209,2511,2863,3321,3751,4289,4872,5326,5703,5990,6413,6665,7122,7477,7721,7965,8335,8474,8752,8987,9171,9364,9457,9568,9699,9828,10091,11091,11256,11366,11453,11586,11708,11812,11945,12025,12095,12144,12204,12280,12349,12400,12451
St. Lawrence,"44.4976179, -75.06550039",,44.4976179,-75.06550039,"St. Lawrence, New York, US",0,0,0,0,0,0,0,0,0,0,0,0,0,0,0,0,0,0,0,0,0,0,0,0,0,0,0,0,0,0,0,0,0,0,0,0,0,0,0,0,0,0,0,0,0,0,0,0,0,0,0,0,0,0,0,0,0,0,0,0,0,0,1,1,4,4,8,12,13,23,34,39,43,52,61,61,61,78,82,82,82,88,89,92,92,93,96,98,105,110,120,123,139,144,156,167,169,170,170,173,176,176,177,178,178,180,181,187,187,187
Saratoga,"43.10904162, -73.86653895",,43.10904162,-73.86653895,"Saratoga, New York, US",0,0,0,0,0,0,0,0,0,0,0,0,0,0,0,0,0,0,0,0,0,0,0,0,0,0,0,0,0,0,0,0,0,0,0,0,0,0,0,0,0,0,0,0,0,2,2,2,2,2,3,3,3,3,5,9,14,14,21,35,35,35,53,64,73,82,96,102,108,108,122,132,141,141,150,153,155,162,172,182,187,196,201,224,227,231,236,244,251,254,272,277,265,278,320,330,336,343,346,354,358,361,363,367,368,371,374,388,399,402
Schenectady,"42.81668777, -74.05278291",,42.81668777,-74.05278291,"Schenectady, New York, US",0,0,0,0,0,0,0,0,0,0,0,0,0,0,0,0,0,0,0,0,0,0,0,0,0,0,0,0,0,0,0,0,0,0,0,0,0,0,0,0,0,0,0,0,0,0,0,0,0,0,0,1,1,1,4,5,14,14,14,32,32,32,44,55,62,66,72,76,80,85,93,101,110,117,128,138,145,149,167,191,194,199,204,235,237,245,295,295,295,295,336,352,288,297,431,449,457,469,479,501,514,521,527,535,537,551,551,558,571,571
Schoharie,"42.58831742, -74.4433902999999",,42.58831742,-74.4433903,"Schoharie, New York, US",0,0,0,0,0,0,0,0,0,0,0,0,0,0,0,0,0,0,0,0,0,0,0,0,0,0,0,0,0,0,0,0,0,0,0,0,0,0,0,0,0,0,0,0,0,0,0,0,0,0,0,0,0,0,0,0,0,1,2,1,1,1,1,2,2,3,5,5,6,6,9,9,11,11,11,11,12,12,12,12,12,12,12,20,20,20,20,20,20,20,20,20,21,21,33,35,35,38,39,42,43,43,45,45,45,45,45,45,46,46
Schuyler,"42.39184015, -76.8773299",,42.39184015,-76.8773299,"Schuyler, New York, US",0,0,0,0,0,0,0,0,0,0,0,0,0,0,0,0,0,0,0,0,0,0,0,0,0,0,0,0,0,0,0,0,0,0,0,0,0,0,0,0,0,0,0,0,0,0,0,0,0,0,0,0,0,0,0,0,0,0,0,0,0,0,0,0,0,0,1,1,2,2,2,3,3,4,4,4,4,4,4,5,5,5,8,8,8,8,8,8,8,8,8,8,7,7,7,7,7,7,7,7,7,7,7,7,7,7,7,7,7,7
Seneca,"42.78081007, -76.82497064",,42.78081007,-76.82497064,"Seneca, New York, US",0,0,0,0,0,0,0,0,0,0,0,0,0,0,0,0,0,0,0,0,0,0,0,0,0,0,0,0,0,0,0,0,0,0,0,0,0,0,0,0,0,0,0,0,0,0,0,0,0,0,0,0,0,0,0,0,0,0,0,0,0,0,0,0,0,0,0,0,0,0,2,4,6,6,9,9,10,12,15,15,16,16,16,18,18,18,18,18,18,18,18,18,18,18,36,38,38,38,38,39,41,42,45,45,46,46,46,46,48,49
Steuben,"42.2689144, -77.3829924",,42.2689144,-77.3829924,"Steuben, New York, US",0,0,0,0,0,0,0,0,0,0,0,0,0,0,0,0,0,0,0,0,0,0,0,0,0,0,0,0,0,0,0,0,0,0,0,0,0,0,0,0,0,0,0,0,0,0,0,0,0,0,0,0,0,0,0,0,0,0,2,2,2,4,8,8,11,12,13,17,19,19,38,43,46,60,73,75,75,87,92,117,117,147,147,147,151,154,154,181,181,195,195,214,171,171,204,207,209,210,214,216,216,217,218,219,221,223,224,225,226,227
Suffolk,"40.88320119, -72.8012172",,40.88320119,-72.8012172,"Suffolk, New York, US",0,0,0,0,0,0,0,0,0,0,0,0,0,0,0,0,0,0,0,0,0,0,0,0,0,0,0,0,0,0,0,0,0,0,0,0,0,0,0,0,0,0,0,0,0,0,1,1,1,6,20,28,33,41,74,97,116,239,459,662,1034,1458,1880,2260,2735,3385,4138,5023,5791,6713,7605,8746,10154,11370,13129,14185,15561,17008,18803,20320,20321,20934,21643,22691,23523,24812,25035,26143,26888,28127,28701,28854,29567,30606,31368,32059,32470,32724,33265,33664,34037,34478,34855,35077,35275,35543,35892,36223,36461,36702
Sullivan,"41.71579493, -74.76394559",,41.71579493,-74.76394559,"Sullivan, New York, US",0,0,0,0,0,0,0,0,0,0,0,0,0,0,0,0,0,0,0,0,0,0,0,0,0,0,0,0,0,0,0,0,0,0,0,0,0,0,0,0,0,0,0,0,0,0,0,0,0,0,0,0,0,0,0,1,1,1,1,12,12,12,23,39,53,64,72,88,101,106,121,143,168,193,193,253,270,296,296,318,340,358,380,415,424,437,505,524,537,560,592,592,580,628,689,724,748,769,811,838,880,931,951,976,984,996,1021,1039,1071,1093
Tioga,"42.16852837, -76.30835812",,42.16852837,-76.30835812,"Tioga, New York, US",0,0,0,0,0,0,0,0,0,0,0,0,0,0,0,0,0,0,0,0,0,0,0,0,0,0,0,0,0,0,0,0,0,0,0,0,0,0,0,0,0,0,0,0,0,0,0,0,0,0,0,0,1,1,1,1,1,1,1,1,1,1,1,1,2,2,6,6,7,8,8,8,8,8,8,8,8,15,17,18,19,23,23,24,25,27,30,32,35,37,37,39,40,40,71,71,71,82,84,88,90,90,90,90,92,96,97,99,104,105
Tompkins,"42.44945765, -76.47229843",,42.44945765,-76.47229843,"Tompkins, New York, US",0,0,0,0,0,0,0,0,0,0,0,0,0,0,0,0,0,0,0,0,0,0,0,0,0,0,0,0,0,0,0,0,0,0,0,0,0,0,0,0,0,0,0,0,0,0,0,0,0,0,0,0,1,1,2,2,6,6,11,11,15,15,16,18,23,32,48,56,70,73,76,80,87,93,95,102,103,105,107,107,108,113,113,113,118,118,119,119,119,119,123,123,119,121,126,126,126,126,127,128,128,128,129,129,129,129,130,131,132,132
Ulster,"41.89027881, -74.26252104",,41.89027881,-74.26252104,"Ulster, New York, US",0,0,0,0,0,0,0,0,0,0,0,0,0,0,0,0,0,0,0,0,0,0,0,0,0,0,0,0,0,0,0,0,0,0,0,0,0,0,0,0,0,0,0,0,0,0,1,1,1,2,4,5,5,5,7,8,9,9,9,18,18,18,35,65,78,98,133,146,190,207,222,240,263,290,358,382,398,462,462,530,589,655,716,716,745,845,880,880,960,997,1018,1018,942,976,1166,1190,1219,1230,1252,1279,1298,1327,1341,1354,1357,1383,1416,1429,1440,1450
Warren,"43.56173026, -73.8433699",,43.56173026,-73.8433699,"Warren, New York, US",0,0,0,0,0,0,0,0,0,0,0,0,0,0,0,0,0,0,0,0,0,0,0,0,0,0,0,0,0,0,0,0,0,0,0,0,0,0,0,0,0,0,0,0,0,0,0,0,0,0,0,0,0,0,0,0,1,1,1,1,1,1,2,2,2,8,13,18,18,18,18,18,19,20,25,26,31,33,40,43,44,46,48,77,77,81,91,94,96,101,102,108,119,122,132,135,147,150,152,176,182,185,188,192,192,193,193,199,202,207
Washington,"43.31153794, -73.43043448",,43.31153794,-73.43043448,"Washington, New York, US",0,0,0,0,0,0,0,0,0,0,0,0,0,0,0,0,0,0,0,0,0,0,0,0,0,0,0,0,0,0,0,0,0,0,0,0,0,0,0,0,0,0,0,0,0,0,0,0,0,0,0,0,0,0,0,0,1,1,1,1,1,1,3,4,4,6,9,9,9,9,11,12,15,16,18,19,19,20,25,26,31,34,37,40,42,46,48,52,63,65,68,73,80,83,113,127,130,131,134,148,170,184,186,188,188,189,190,201,204,206
Wayne,"43.15494365, -77.02976528",,43.15494365,-77.02976528,"Wayne, New York, US",0,0,0,0,0,0,0,0,0,0,0,0,0,0,0,0,0,0,0,0,0,0,0,0,0,0,0,0,0,0,0,0,0,0,0,0,0,0,0,0,0,0,0,0,0,0,0,0,0,0,0,0,0,0,0,0,0,0,1,3,3,3,6,7,8,11,12,12,15,15,24,27,30,30,32,34,35,39,39,41,42,42,42,48,48,49,49,49,50,50,51,52,53,53,65,65,69,70,70,71,71,73,75,76,78,78,78,79,79,80
Westchester,"41.16278376, -73.75741653",,41.16278376,-73.75741653,"Westchester, New York, US",0,0,0,0,0,0,0,0,0,0,0,0,0,0,0,0,0,0,0,0,0,0,0,0,0,0,0,0,0,0,0,0,0,0,0,0,0,0,0,0,0,1,10,18,19,57,83,98,98,121,148,158,172,178,220,380,538,798,1091,1387,1873,2894,3891,4691,5944,7187,7875,8519,9326,9967,10683,11567,12351,13081,13723,14294,14294,15887,17004,18077,18729,19313,19786,20191,20947,21828,22476,23179,23803,24306,24656,25276,25959,26633,27231,27664,28007,28245,28626,28970,29232,29626,29884,30097,30240,30426,30708,30905,31087,31294
Wyoming,"42.70145109, -78.22199579",,42.70145109,-78.22199579,"Wyoming, New York, US",0,0,0,0,0,0,0,0,0,0,0,0,0,0,0,0,0,0,0,0,0,0,0,0,0,0,0,0,0,0,0,0,0,0,0,0,0,0,0,0,0,0,0,0,0,0,0,0,0,0,0,0,0,0,0,1,1,2,2,2,2,2,4,4,7,7,7,8,8,8,10,14,15,18,22,23,23,27,29,30,31,31,31,32,42,42,44,44,44,44,44,44,41,43,57,59,63,63,65,67,68,69,69,69,70,70,71,73,75,77
Yates,"42.63505484, -77.10369919",,42.63505484,-77.10369919,"Yates, New York, US",0,0,0,0,0,0,0,0,0,0,0,0,0,0,0,0,0,0,0,0,0,0,0,0,0,0,0,0,0,0,0,0,0,0,0,0,0,0,0,0,0,0,0,0,0,0,0,0,0,0,0,0,0,0,0,0,0,0,0,0,0,0,0,0,0,0,0,0,0,0,0,1,1,1,1,1,1,1,1,2,2,2,4,6,6,7,8,9,9,10,10,11,11,11,16,17,17,17,17,18,18,18,19,19,19,19,19,20,20,21
